nivel_educativo,n,upm,directo,directo_ic95_inf,directo_ic95_sup,cv_directo_pct,sintetico,gamma,fh,fh_ic95_inf,fh_ic95_sup,cv_fh_pct
Sin nivel,906,234,393.0,353.1,432.9,5.2,502.9,0.786,414.7,380.8,450.9,4.3
Educación inicial,2,2,295.7,39.2,552.2,44.3,505.0,0.022,502.9,390.8,637.0,12.5
Primaria incompleta,2312,314,638.1,565.5,710.6,5.8,738.0,0.889,648.8,610.6,688.8,3.1
Primaria completa,2157,312,784.1,728.3,839.9,3.6,849.9,0.883,791.9,744.1,842.0,3.2
Secundaria incompleta,1042,283,866.7,752.6,980.8,6.7,912.2,0.805,876.2,807.8,948.7,4.1
Secundaria completa,1877,319,1078.9,1015.2,1142.6,3.0,1128.8,0.87,1085.8,1016.8,1158.2,3.3
Superior no universitaria incompleta,206,121,1160.5,948.2,1372.9,9.3,1127.4,0.518,1146.9,1004.9,1303.3,6.6
Superior no universitaria completa,707,198,1937.9,1763.3,2112.5,4.6,1642.7,0.749,1861.2,1696.4,2037.6,4.7
Superior universitaria incompleta,225,103,1115.7,946.8,1284.7,7.7,1204.0,0.536,1158.3,1017.7,1312.7,6.5
Superior universitaria completa,599,150,3133.2,2743.5,3522.9,6.3,2298.2,0.722,2878.4,2610.1,3166.5,4.9
Maestría / doctorado,174,68,4927.2,4293.4,5561.0,6.6,3684.2,0.483,4249.6,3701.8,4855.1,6.9
Básica especial,2,1,1350.1,,,,456.0,0.022,473.1,343.4,635.8,15.8
