dpto,nivel_educativo,n,upm,directo,directo_ic95_inf,directo_ic95_sup,cv_directo_pct,sintetico,gamma,fh,fh_ic95_inf,fh_ic95_sup,cv_fh_pct
01,Sin nivel,93,65,590.0,461.0,718.9,11.2,592.4,0.354,593.3,508.6,688.0,7.7
01,Educación inicial,0,0,,,,,358.0,0.0,364.3,247.9,516.8,18.9
01,Primaria incompleta,327,135,880.9,772.9,988.9,6.3,876.8,0.612,880.7,786.6,982.9,5.7
01,Primaria completa,389,141,1019.4,923.1,1115.6,4.8,1022.7,0.646,1022.0,918.0,1134.5,5.4
01,Secundaria incompleta,249,133,954.8,823.8,1085.8,7.0,1102.5,0.556,1019.7,902.6,1147.6,6.1
01,Secundaria completa,345,144,1298.0,1152.9,1443.1,5.7,1341.5,0.622,1316.3,1178.0,1466.2,5.6
01,Superior no universitaria incompleta,63,51,1350.9,1010.3,1691.5,12.9,1319.9,0.283,1333.0,1132.4,1558.7,8.2
01,Superior no universitaria completa,132,82,1990.8,1674.2,2307.4,8.1,1899.3,0.423,1942.4,1685.3,2227.5,7.1
01,Superior universitaria incompleta,48,36,1624.1,451.4,2796.8,36.8,1403.7,0.239,1458.7,1231.6,1715.3,8.5
01,Superior universitaria completa,83,50,2983.4,2427.5,3539.3,9.5,2625.6,0.332,2747.6,2353.0,3189.3,7.8
01,Maestría / doctorado,38,25,4120.6,3312.6,4928.6,10.0,4171.0,0.205,4176.9,3498.9,4947.6,8.9
01,Básica especial,0,0,,,,,676.6,0.0,702.6,394.9,1159.2,28.0
02,Sin nivel,115,67,576.8,475.0,678.6,9.0,629.2,0.395,609.6,526.3,702.3,7.4
02,Educación inicial,1,1,199.5,,,,380.2,0.012,383.8,262.8,541.7,18.6
02,Primaria incompleta,323,136,846.1,746.2,946.0,6.0,931.3,0.609,879.8,785.9,981.8,5.7
02,Primaria completa,260,133,1038.8,912.7,1164.8,6.2,1086.3,0.565,1061.1,941.2,1192.0,6.0
02,Secundaria incompleta,263,131,1178.0,1031.8,1324.3,6.3,1171.1,0.567,1177.1,1044.5,1321.8,6.0
02,Secundaria completa,567,188,1464.3,1304.2,1624.4,5.6,1424.9,0.715,1454.6,1323.1,1595.5,4.8
02,Superior no universitaria incompleta,79,63,1371.5,1130.3,1612.8,9.0,1402.0,0.323,1396.3,1194.3,1622.7,7.8
02,Superior no universitaria completa,195,115,2252.2,1879.8,2624.7,8.4,2017.4,0.505,2137.3,1878.2,2421.9,6.5
02,Superior universitaria incompleta,116,72,1491.1,1268.7,1713.5,7.6,1491.0,0.397,1495.1,1292.1,1720.7,7.3
02,Superior universitaria completa,194,92,2903.6,2268.6,3538.6,11.2,2788.9,0.504,2852.1,2505.8,3232.7,6.5
02,Maestría / doctorado,50,31,5093.9,2862.3,7325.5,22.4,4430.4,0.245,4601.1,3881.5,5414.9,8.5
02,Básica especial,0,0,,,,,718.7,0.0,746.3,419.8,1230.4,28.0
03,Sin nivel,110,65,671.6,488.7,854.5,13.9,616.1,0.387,638.8,549.7,738.2,7.5
03,Educación inicial,0,0,,,,,372.3,0.0,378.9,257.5,538.2,19.0
03,Primaria incompleta,254,105,871.6,762.5,980.7,6.4,911.8,0.56,890.7,788.5,1002.5,6.1
03,Primaria completa,167,87,1087.7,920.8,1254.5,7.8,1063.6,0.472,1077.4,940.7,1228.3,6.8
03,Secundaria incompleta,169,91,1062.5,869.0,1256.1,9.3,1146.6,0.475,1108.5,968.2,1263.1,6.8
03,Secundaria completa,294,116,1336.6,1166.9,1506.2,6.5,1395.1,0.59,1362.6,1212.3,1526.3,5.9
03,Superior no universitaria incompleta,34,23,1199.4,818.9,1579.9,16.2,1372.7,0.19,1343.2,1124.7,1591.7,8.9
03,Superior no universitaria completa,93,58,2389.0,1966.8,2811.2,9.0,1975.3,0.354,2118.9,1817.9,2455.3,7.7
03,Superior universitaria incompleta,50,38,1503.2,1060.2,1946.2,15.0,1459.9,0.245,1475.7,1245.1,1736.5,8.5
03,Superior universitaria completa,95,45,2527.8,2146.5,2909.2,7.7,2730.7,0.358,2664.1,2286.7,3085.6,7.7
03,Maestría / doctorado,17,12,5236.0,2542.7,7929.4,26.2,4337.9,0.116,4453.7,3676.6,5346.1,9.6
03,Básica especial,0,0,,,,,703.7,0.0,730.8,410.4,1206.7,28.0
04,Sin nivel,54,39,663.6,550.6,776.6,8.7,750.0,0.257,729.3,617.5,855.3,8.3
04,Educación inicial,1,1,897.0,,,,453.2,0.012,464.7,318.3,655.9,18.6
04,Primaria incompleta,184,109,1798.6,431.7,3165.5,38.8,1110.0,0.493,1411.0,1238.1,1601.3,6.6
04,Primaria completa,173,117,1296.3,1130.9,1461.6,6.5,1294.8,0.48,1298.4,1137.0,1476.1,6.7
04,Secundaria incompleta,238,141,1534.2,1113.6,1954.8,14.0,1395.8,0.547,1472.6,1302.7,1658.5,6.2
04,Secundaria completa,704,224,1695.1,1525.6,1864.6,5.1,1698.3,0.75,1697.6,1554.5,1850.2,4.4
04,Superior no universitaria incompleta,158,115,1460.9,1146.8,1775.1,11.0,1671.0,0.461,1574.4,1373.5,1796.1,6.9
04,Superior no universitaria completa,286,167,2533.7,2207.1,2860.3,6.6,2404.6,0.585,2483.5,2209.7,2781.8,5.9
04,Superior universitaria incompleta,135,94,1706.7,1433.8,1979.6,8.2,1777.2,0.428,1751.0,1520.3,2006.7,7.1
04,Superior universitaria completa,342,133,2547.7,2273.0,2822.3,5.5,3324.0,0.621,2822.5,2525.7,3144.3,5.6
04,Maestría / doctorado,78,44,4495.9,3318.9,5672.9,13.4,5280.6,0.321,5031.1,4291.2,5861.3,8.0
04,Básica especial,0,0,,,,,856.6,0.0,889.4,500.4,1466.3,27.9
05,Sin nivel,130,82,446.5,332.3,560.7,13.1,535.3,0.42,497.3,430.5,571.5,7.2
05,Educación inicial,0,0,,,,,323.5,0.0,329.2,224.0,467.1,18.9
05,Primaria incompleta,309,135,787.1,683.6,890.6,6.7,792.3,0.6,790.5,704.6,883.8,5.8
05,Primaria completa,179,100,1034.7,883.6,1185.8,7.5,924.2,0.487,978.6,857.0,1112.5,6.7
05,Secundaria incompleta,244,119,1055.1,927.6,1182.7,6.2,996.3,0.552,1030.3,911.3,1160.4,6.2
05,Secundaria completa,359,151,1183.4,1039.0,1327.7,6.2,1212.2,0.63,1195.8,1071.4,1330.5,5.5
05,Superior no universitaria incompleta,76,58,1020.4,803.7,1237.2,10.8,1192.8,0.316,1139.0,971.9,1326.5,7.9
05,Superior no universitaria completa,104,71,1825.2,1467.9,2182.6,10.0,1716.4,0.375,1761.3,1517.4,2033.2,7.5
05,Superior universitaria incompleta,60,49,1039.3,811.7,1266.8,11.2,1268.5,0.274,1205.0,1022.2,1411.0,8.2
05,Superior universitaria completa,88,45,2921.2,2443.4,3399.1,8.3,2372.7,0.343,2555.7,2191.5,2962.9,7.7
05,Maestría / doctorado,29,22,4197.6,3267.0,5128.1,11.3,3769.2,0.17,3854.8,3212.2,4588.0,9.1
05,Básica especial,0,0,,,,,611.4,0.0,635.0,356.8,1047.7,28.0
06,Sin nivel,203,112,374.5,299.8,449.3,10.2,513.1,0.513,437.5,384.3,495.8,6.5
06,Educación inicial,1,1,125.9,,,,310.0,0.012,312.0,213.6,440.5,18.6
06,Primaria incompleta,453,156,802.8,578.6,1027.1,14.3,759.4,0.675,789.5,712.8,872.1,5.1
06,Primaria completa,444,169,806.2,690.7,921.6,7.3,885.8,0.671,832.7,751.3,920.3,5.2
06,Secundaria incompleta,190,127,755.7,645.1,866.2,7.5,954.9,0.5,851.4,747.5,965.6,6.5
06,Secundaria completa,398,168,1135.8,994.7,1276.9,6.3,1161.9,0.65,1146.5,1031.1,1271.2,5.3
06,Superior no universitaria incompleta,63,47,1331.6,841.4,1821.7,18.8,1143.2,0.283,1197.5,1018.1,1399.3,8.1
06,Superior no universitaria completa,141,88,2159.6,1845.3,2473.8,7.4,1645.1,0.437,1857.4,1615.6,2124.9,7.0
06,Superior universitaria incompleta,51,40,1092.9,814.2,1371.6,13.0,1215.8,0.248,1188.2,1005.4,1394.5,8.4
06,Superior universitaria completa,147,65,2981.5,2544.7,3418.4,7.5,2274.1,0.446,2572.1,2239.9,2939.4,6.9
06,Maestría / doctorado,37,23,5202.1,3809.8,6594.4,13.7,3612.7,0.201,3902.8,3270.5,4621.2,8.8
06,Básica especial,0,0,,,,,586.1,0.0,608.5,342.2,1003.6,28.0
07,Sin nivel,5,5,581.4,345.7,817.1,20.7,703.3,0.045,700.8,574.3,846.8,9.9
07,Educación inicial,1,1,1377.6,,,,425.0,0.012,438.4,299.5,620.1,18.7
07,Primaria incompleta,53,39,1168.5,911.8,1425.3,11.2,1040.9,0.254,1075.7,910.4,1262.2,8.3
07,Primaria completa,65,50,1316.9,1019.4,1614.3,11.5,1214.2,0.288,1247.0,1060.2,1457.0,8.1
07,Secundaria incompleta,139,83,1378.1,1185.0,1571.1,7.1,1308.9,0.434,1341.9,1165.1,1537.8,7.1
07,Secundaria completa,658,162,1525.3,1437.0,1613.7,3.0,1592.6,0.74,1544.2,1410.2,1687.4,4.6
07,Superior no universitaria incompleta,100,69,1659.1,1431.5,1886.7,7.0,1567.0,0.368,1604.9,1378.3,1858.0,7.6
07,Superior no universitaria completa,226,120,1932.8,1740.5,2125.0,5.1,2254.9,0.536,2080.2,1834.1,2350.0,6.3
07,Superior universitaria incompleta,122,76,1798.4,1539.6,2057.2,7.3,1666.5,0.407,1723.7,1489.0,1984.7,7.3
07,Superior universitaria completa,213,96,2912.7,2542.6,3282.8,6.5,3117.1,0.524,3014.6,2652.6,3412.0,6.4
07,Maestría / doctorado,24,22,5292.7,3857.0,6728.4,13.8,4951.9,0.149,5022.9,4166.7,6002.8,9.3
07,Básica especial,1,1,1500.9,,,,803.3,0.012,839.6,475.6,1377.2,27.6
08,Sin nivel,133,80,561.7,397.2,726.3,14.9,604.5,0.425,587.5,509.2,674.3,7.2
08,Educación inicial,3,2,112.5,40.2,184.8,32.8,365.3,0.03,358.6,247.3,503.3,18.3
08,Primaria incompleta,338,135,879.3,777.7,980.9,5.9,894.7,0.618,886.5,792.9,988.1,5.6
08,Primaria completa,206,113,1121.0,968.9,1273.2,6.9,1043.6,0.517,1085.1,955.1,1227.9,6.4
08,Secundaria incompleta,201,111,1150.8,1025.4,1276.2,5.6,1125.1,0.511,1140.5,1003.1,1291.4,6.5
08,Secundaria completa,415,160,1387.8,1268.9,1506.6,4.4,1368.9,0.658,1383.2,1245.6,1531.7,5.3
08,Superior no universitaria incompleta,108,75,1384.2,1133.8,1634.7,9.2,1346.9,0.383,1364.8,1176.7,1574.3,7.4
08,Superior no universitaria completa,166,91,2076.2,1801.4,2351.1,6.8,1938.2,0.471,2006.6,1754.0,2285.2,6.8
08,Superior universitaria incompleta,74,49,1360.6,1147.8,1573.3,8.0,1432.4,0.311,1414.1,1206.8,1646.6,7.9
08,Superior universitaria completa,173,72,2630.0,2259.3,3000.7,7.2,2679.3,0.48,2661.5,2329.2,3027.6,6.7
08,Maestría / doctorado,32,23,4283.5,3514.6,5052.4,9.2,4256.3,0.182,4278.4,3575.4,5078.8,9.0
08,Básica especial,0,0,,,,,690.5,0.0,717.0,403.2,1182.4,28.0
09,Sin nivel,144,81,336.0,288.8,383.2,7.2,433.1,0.441,388.1,337.0,444.8,7.1
09,Educación inicial,1,1,599.1,,,,261.7,0.012,268.9,183.8,380.0,18.7
09,Primaria incompleta,304,110,587.1,524.2,650.0,5.5,641.0,0.597,609.3,542.8,681.6,5.8
09,Primaria completa,233,104,709.7,608.2,811.1,7.3,747.7,0.542,728.2,643.1,821.5,6.3
09,Secundaria incompleta,187,104,864.0,746.5,981.5,6.9,806.0,0.496,836.1,733.1,949.4,6.6
09,Secundaria completa,383,133,1143.9,1038.4,1249.4,4.7,980.7,0.643,1084.3,973.5,1204.2,5.4
09,Superior no universitaria incompleta,43,35,975.0,784.7,1165.2,10.0,964.9,0.222,970.7,817.3,1144.4,8.6
09,Superior no universitaria completa,107,66,1508.4,1293.4,1723.4,7.3,1388.5,0.381,1437.0,1238.7,1657.8,7.4
09,Superior universitaria incompleta,41,31,863.6,610.6,1116.7,14.9,1026.2,0.215,992.5,834.8,1171.1,8.7
09,Superior universitaria completa,118,47,2233.1,1962.1,2504.1,6.2,1919.5,0.401,2044.9,1767.5,2353.3,7.3
09,Maestría / doctorado,19,14,2864.0,1981.3,3746.6,15.7,3049.3,0.126,3038.8,2515.4,3638.8,9.4
09,Básica especial,0,0,,,,,494.7,0.0,513.7,288.6,847.7,28.0
10,Sin nivel,152,88,457.6,373.5,541.7,9.4,523.2,0.453,493.6,429.6,564.4,7.0
10,Educación inicial,0,0,,,,,316.1,0.0,321.7,219.1,456.2,18.9
10,Primaria incompleta,369,137,678.5,584.0,773.0,7.1,774.4,0.636,713.0,639.5,792.6,5.5
10,Primaria completa,251,123,698.5,592.5,804.5,7.7,903.3,0.558,784.1,694.4,881.9,6.1
10,Secundaria incompleta,202,115,1090.1,845.9,1334.2,11.4,973.8,0.512,1033.9,909.4,1170.5,6.4
10,Secundaria completa,370,153,1273.2,1050.6,1495.8,8.9,1184.8,0.636,1242.1,1114.4,1380.4,5.5
10,Superior no universitaria incompleta,66,51,1178.0,896.2,1459.8,12.2,1165.8,0.291,1173.1,998.3,1369.6,8.1
10,Superior no universitaria completa,106,66,2038.8,1520.9,2556.7,13.0,1677.5,0.379,1811.2,1562.3,2088.3,7.4
10,Superior universitaria incompleta,107,63,1407.8,843.9,1971.8,20.4,1239.8,0.381,1304.9,1124.6,1505.7,7.5
10,Superior universitaria completa,150,67,2433.7,1977.6,2889.8,9.6,2319.0,0.45,2375.6,2069.8,2713.6,6.9
10,Maestría / doctorado,54,39,4259.5,3694.0,4825.0,6.8,3683.9,0.257,3837.7,3241.1,4511.8,8.5
10,Básica especial,0,0,,,,,597.6,0.0,620.6,349.0,1023.5,28.0
11,Sin nivel,24,20,937.6,592.8,1282.5,18.8,745.1,0.149,774.2,645.7,920.6,9.1
11,Educación inicial,0,0,,,,,450.2,0.0,458.1,312.1,649.4,18.9
11,Primaria incompleta,113,86,1004.5,855.7,1153.4,7.6,1102.7,0.392,1066.0,921.6,1226.4,7.3
11,Primaria completa,131,91,1610.2,1291.5,1928.9,10.1,1286.3,0.422,1417.7,1230.9,1624.7,7.1
11,Secundaria incompleta,266,152,1526.0,1407.2,1644.8,4.0,1386.7,0.57,1467.1,1302.1,1647.0,6.0
11,Secundaria completa,780,230,1730.0,1647.7,1812.2,2.4,1687.1,0.766,1721.4,1581.0,1870.9,4.3
11,Superior no universitaria incompleta,183,119,1979.6,1311.0,2648.2,17.2,1660.0,0.492,1814.1,1589.6,2061.2,6.6
11,Superior no universitaria completa,380,192,1930.8,1810.3,2051.2,3.2,2388.8,0.641,2087.0,1873.8,2317.7,5.4
11,Superior universitaria incompleta,173,114,1886.0,1590.1,2181.9,8.0,1765.5,0.48,1826.4,1597.5,2078.7,6.7
11,Superior universitaria completa,342,155,2842.2,2477.4,3206.9,6.5,3302.2,0.621,3013.3,2696.0,3357.3,5.6
11,Maestría / doctorado,46,33,4143.4,3037.1,5249.6,13.6,5245.9,0.232,4984.5,4196.6,5876.8,8.6
11,Básica especial,0,0,,,,,851.0,0.0,883.6,497.0,1457.0,28.0
12,Sin nivel,73,57,829.4,613.4,1045.3,13.3,610.3,0.309,673.0,574.0,784.1,8.0
12,Educación inicial,2,1,322.8,,,,368.8,0.021,373.9,257.1,526.0,18.4
12,Primaria incompleta,247,136,966.0,816.7,1115.4,7.9,903.3,0.554,939.3,831.9,1056.6,6.1
12,Primaria completa,240,135,1132.1,965.4,1298.8,7.5,1053.6,0.549,1098.1,971.6,1236.3,6.2
12,Secundaria incompleta,299,157,1134.2,977.2,1291.3,7.1,1135.9,0.594,1136.8,1013.0,1271.4,5.8
12,Secundaria completa,654,209,1387.7,1270.9,1504.5,4.3,1382.0,0.739,1387.7,1267.9,1515.6,4.6
12,Superior no universitaria incompleta,137,95,1469.4,1184.6,1754.2,9.9,1359.8,0.431,1409.5,1224.4,1614.5,7.1
12,Superior no universitaria completa,230,135,1716.8,1548.0,1885.5,5.0,1956.8,0.54,1826.9,1614.1,2059.7,6.2
12,Superior universitaria incompleta,139,96,1370.0,1182.9,1557.0,7.0,1446.2,0.434,1416.1,1230.6,1621.4,7.0
12,Superior universitaria completa,243,106,2370.0,2085.2,2654.8,6.1,2705.0,0.551,2519.7,2230.0,2836.3,6.1
12,Maestría / doctorado,58,40,3743.8,3082.5,4405.2,9.0,4297.2,0.269,4155.2,3518.2,4873.7,8.3
12,Básica especial,0,0,,,,,697.1,0.0,723.8,407.3,1193.2,27.9
13,Sin nivel,77,55,694.8,479.1,910.5,15.8,652.6,0.318,667.8,570.4,777.1,7.9
13,Educación inicial,1,1,1041.2,,,,394.3,0.012,405.8,277.9,572.6,18.6
13,Primaria incompleta,310,137,1070.4,930.3,1210.5,6.7,965.9,0.601,1029.1,918.1,1149.7,5.7
13,Primaria completa,302,136,1154.5,990.5,1318.5,7.2,1126.7,0.596,1145.1,1020.7,1280.3,5.8
13,Secundaria incompleta,255,146,1189.5,1034.9,1344.1,6.6,1214.6,0.561,1202.6,1066.2,1351.6,6.1
13,Secundaria completa,633,208,1531.1,1415.9,1646.2,3.8,1477.8,0.733,1518.3,1385.8,1659.9,4.6
13,Superior no universitaria incompleta,102,85,1531.6,1264.9,1798.3,8.9,1454.1,0.372,1486.5,1280.4,1716.3,7.5
13,Superior no universitaria completa,213,136,1939.6,1685.1,2194.1,6.7,2092.4,0.524,2015.0,1776.0,2277.0,6.3
13,Superior universitaria incompleta,117,86,1537.9,1237.4,1838.5,10.0,1546.4,0.399,1547.1,1337.7,1779.9,7.3
13,Superior universitaria completa,261,112,2426.3,2145.9,2706.7,5.9,2892.5,0.566,2623.4,2327.1,2946.7,6.0
13,Maestría / doctorado,74,48,4594.2,3705.2,5483.2,9.9,4595.0,0.311,4609.5,3926.5,5376.7,8.0
13,Básica especial,0,0,,,,,745.4,0.0,774.0,435.5,1275.9,27.9
14,Sin nivel,54,42,567.5,389.0,745.9,16.0,570.7,0.257,571.9,483.9,671.1,8.4
14,Educación inicial,0,0,,,,,344.8,0.0,350.9,239.0,497.5,18.9
14,Primaria incompleta,196,104,844.3,699.0,989.6,8.8,844.6,0.506,846.2,743.7,958.9,6.5
14,Primaria completa,236,118,1070.0,960.7,1179.2,5.2,985.3,0.545,1032.5,912.8,1163.5,6.2
14,Secundaria incompleta,249,120,1097.5,994.7,1200.4,4.8,1062.2,0.556,1083.7,959.7,1219.2,6.1
14,Secundaria completa,657,195,1313.0,1226.9,1399.0,3.3,1292.3,0.739,1308.9,1195.9,1429.7,4.6
14,Superior no universitaria incompleta,86,63,1217.6,1025.0,1410.2,8.1,1271.6,0.339,1256.8,1076.9,1458.0,7.7
14,Superior no universitaria completa,228,138,1739.5,1563.4,1915.6,5.2,1829.8,0.538,1784.1,1575.3,2012.7,6.3
14,Superior universitaria incompleta,102,74,1128.4,965.9,1291.0,7.4,1352.3,0.372,1267.9,1091.5,1464.7,7.5
14,Superior universitaria completa,199,98,2738.4,2234.1,3242.6,9.4,2529.4,0.509,2639.3,2320.1,2989.8,6.5
14,Maestría / doctorado,56,35,4074.6,3442.6,4706.6,7.9,4018.3,0.263,4047.2,3421.6,4753.6,8.4
14,Básica especial,1,1,328.8,,,,651.8,0.012,670.7,380.3,1099.1,27.6
15,Sin nivel,59,53,923.5,633.4,1213.5,16.0,743.1,0.272,790.9,672.7,923.7,8.1
15,Educación inicial,2,2,739.9,100.8,1379.1,44.1,449.0,0.021,461.3,317.7,648.0,18.3
15,Primaria incompleta,346,234,1079.7,947.5,1211.9,6.2,1099.8,0.623,1088.9,975.8,1211.4,5.5
15,Primaria completa,441,295,1250.0,1131.8,1368.2,4.8,1282.8,0.67,1262.4,1140.0,1394.4,5.1
15,Secundaria incompleta,713,406,1285.9,1169.6,1402.2,4.6,1383.0,0.752,1310.6,1201.0,1427.4,4.4
15,Secundaria completa,2524,679,1451.9,1394.1,1509.7,2.0,1682.6,0.898,1474.5,1395.9,1556.3,2.8
15,Superior no universitaria incompleta,463,308,1596.5,1473.3,1719.6,3.9,1655.6,0.679,1617.3,1462.0,1784.6,5.1
15,Superior no universitaria completa,873,488,2235.3,2064.7,2405.9,3.9,2382.4,0.783,2268.4,2090.9,2456.8,4.1
15,Superior universitaria incompleta,531,348,1938.5,1694.7,2182.2,6.4,1760.8,0.703,1886.2,1712.4,2072.7,4.9
15,Superior universitaria completa,1171,472,3425.8,3224.5,3627.1,3.0,3293.4,0.822,3404.2,3163.4,3658.3,3.7
15,Maestría / doctorado,223,153,6694.1,5786.2,7601.9,6.9,5231.9,0.533,5978.5,5271.8,6752.9,6.3
15,Básica especial,2,1,517.8,,,,848.7,0.021,870.4,497.4,1418.3,27.2
16,Sin nivel,31,26,711.3,354.0,1068.5,25.6,613.2,0.178,632.1,529.2,749.1,8.9
16,Educación inicial,1,1,273.3,,,,370.5,0.012,375.5,257.1,530.2,18.6
16,Primaria incompleta,286,141,776.8,658.3,895.3,7.8,907.5,0.585,830.1,738.4,929.9,5.9
16,Primaria completa,321,147,1010.8,883.8,1137.9,6.4,1058.6,0.608,1031.0,920.6,1150.9,5.7
16,Secundaria incompleta,394,174,1121.2,1008.8,1233.5,5.1,1141.2,0.648,1129.8,1015.6,1253.3,5.4
16,Secundaria completa,584,193,1390.2,1288.5,1492.0,3.7,1388.5,0.72,1391.3,1266.6,1524.9,4.7
16,Superior no universitaria incompleta,97,69,1396.0,1077.2,1714.8,11.7,1366.2,0.362,1380.9,1187.1,1597.0,7.6
16,Superior no universitaria completa,200,110,2269.9,2028.0,2511.9,5.4,1966.0,0.51,2120.0,1864.2,2400.9,6.5
16,Superior universitaria incompleta,83,57,1211.5,932.6,1490.4,11.7,1453.0,0.332,1372.0,1174.6,1593.0,7.8
16,Superior universitaria completa,157,79,3339.5,2924.0,3754.9,6.3,2717.7,0.459,2994.5,2613.1,3415.6,6.8
16,Maestría / doctorado,50,34,4516.6,3565.1,5468.2,10.7,4317.4,0.245,4381.2,3694.8,5157.7,8.5
16,Básica especial,2,2,275.7,140.7,410.7,25.0,700.4,0.021,711.8,406.2,1160.8,27.3
17,Sin nivel,18,16,1760.8,1133.9,2387.7,18.2,891.5,0.121,972.3,802.4,1167.3,9.6
17,Educación inicial,0,0,,,,,538.7,0.0,548.4,371.8,780.4,19.1
17,Primaria incompleta,97,52,1646.0,1291.3,2000.7,11.0,1319.4,0.362,1433.5,1228.9,1662.3,7.7
17,Primaria completa,86,55,1917.6,1506.0,2329.2,11.0,1539.0,0.339,1663.2,1420.9,1934.7,7.9
17,Secundaria incompleta,141,69,1819.1,1603.0,2035.1,6.1,1659.1,0.437,1731.6,1501.4,1987.0,7.2
17,Secundaria completa,291,96,2017.6,1741.4,2293.7,7.0,2018.7,0.588,2021.6,1796.0,2267.5,6.0
17,Superior no universitaria incompleta,47,35,1675.9,1261.3,2090.4,12.6,1986.2,0.235,1915.5,1609.7,2262.4,8.7
17,Superior no universitaria completa,90,52,2966.9,2481.3,3452.6,8.4,2858.2,0.347,2904.4,2484.1,3375.0,7.8
17,Superior universitaria incompleta,46,32,1201.5,909.2,1493.8,12.4,2112.4,0.232,1860.0,1562.2,2197.8,8.7
17,Superior universitaria completa,80,47,3173.8,2613.4,3734.2,9.0,3951.1,0.325,3691.2,3146.4,4302.7,8.0
17,Maestría / doctorado,14,12,3913.6,2891.3,4936.0,13.3,6276.7,0.1,6016.0,4938.1,7258.8,9.9
17,Básica especial,0,0,,,,,1018.2,0.0,1057.7,592.9,1748.5,28.1
18,Sin nivel,28,21,666.1,341.0,991.1,24.9,750.1,0.166,738.5,615.6,878.6,9.1
18,Educación inicial,1,1,36.0,,,,453.2,0.012,447.4,305.7,632.6,18.7
18,Primaria incompleta,96,65,980.2,812.7,1147.8,8.7,1110.2,0.36,1064.6,914.5,1232.2,7.6
18,Primaria completa,113,77,1174.4,992.1,1356.8,7.9,1295.0,0.392,1249.7,1078.5,1440.3,7.4
18,Secundaria incompleta,106,75,1292.8,918.3,1667.3,14.8,1396.0,0.379,1359.7,1171.3,1569.7,7.5
18,Secundaria completa,410,148,1902.4,1710.2,2094.6,5.2,1698.6,0.656,1832.3,1648.2,2031.0,5.3
18,Superior no universitaria incompleta,80,63,1767.5,1365.1,2169.9,11.6,1671.3,0.325,1707.3,1457.4,1987.6,7.9
18,Superior no universitaria completa,236,122,2552.9,2070.7,3035.1,9.6,2405.0,0.545,2489.3,2198.1,2808.2,6.3
18,Superior universitaria incompleta,66,53,2429.1,1442.1,3416.1,20.7,1777.4,0.291,1952.9,1658.8,2283.9,8.2
18,Superior universitaria completa,126,79,3172.9,2735.9,3610.0,7.0,3324.6,0.414,3269.5,2829.9,3757.7,7.2
18,Maestría / doctorado,59,39,4653.0,3990.0,5316.1,7.3,5281.4,0.272,5120.9,4326.1,6019.0,8.4
18,Básica especial,0,0,,,,,856.8,0.0,889.8,499.7,1468.9,28.0
19,Sin nivel,56,43,596.2,350.4,842.0,21.0,543.5,0.263,558.8,472.3,656.6,8.4
19,Educación inicial,0,0,,,,,328.4,0.0,334.2,227.2,474.7,19.0
19,Primaria incompleta,155,80,719.2,580.5,857.9,9.8,804.3,0.457,766.1,667.4,875.2,6.9
19,Primaria completa,151,76,950.9,727.0,1174.8,12.0,938.2,0.451,946.2,823.6,1081.8,7.0
19,Secundaria incompleta,157,84,859.6,707.6,1011.6,9.0,1011.5,0.459,940.8,820.0,1074.4,6.9
19,Secundaria completa,347,116,1529.8,1333.6,1726.0,6.5,1230.7,0.624,1411.7,1263.0,1573.1,5.6
19,Superior no universitaria incompleta,57,47,1096.4,878.2,1314.7,10.2,1210.9,0.266,1183.4,1001.6,1388.6,8.3
19,Superior no universitaria completa,116,74,1717.6,1425.3,2009.8,8.7,1742.5,0.397,1737.2,1500.0,2001.1,7.4
19,Superior universitaria incompleta,57,45,1615.1,1075.7,2154.6,17.0,1287.8,0.266,1372.5,1161.6,1610.5,8.4
19,Superior universitaria completa,117,66,2346.4,1886.2,2806.6,10.0,2408.8,0.399,2390.1,2064.0,2752.9,7.4
19,Maestría / doctorado,34,22,2821.0,2236.2,3405.8,10.6,3826.5,0.19,3625.9,3026.1,4309.4,9.0
19,Básica especial,0,0,,,,,620.7,0.0,644.7,362.0,1064.3,28.0
20,Sin nivel,84,64,685.8,238.7,1132.8,33.3,592.0,0.334,623.7,534.1,724.0,7.8
20,Educación inicial,2,2,988.1,461.5,1514.8,27.2,357.7,0.021,371.6,255.6,522.6,18.4
20,Primaria incompleta,387,165,830.3,736.2,924.4,5.8,876.2,0.645,847.5,761.7,940.3,5.4
20,Primaria completa,352,169,982.8,884.8,1080.8,5.1,1022.1,0.626,998.8,894.9,1111.4,5.5
20,Secundaria incompleta,363,182,1160.1,1057.6,1262.5,4.5,1101.8,0.632,1140.0,1022.5,1267.3,5.5
20,Secundaria completa,792,240,1312.8,1229.6,1396.0,3.2,1340.6,0.768,1320.4,1213.4,1434.2,4.3
20,Superior no universitaria incompleta,158,106,1341.1,1131.1,1551.2,8.0,1319.1,0.461,1332.3,1162.8,1519.4,6.8
20,Superior no universitaria completa,316,169,1765.0,1610.7,1919.4,4.5,1898.1,0.605,1819.4,1624.4,2031.2,5.7
20,Superior universitaria incompleta,123,86,1325.8,1107.2,1544.4,8.4,1402.8,0.409,1374.4,1190.5,1578.4,7.2
20,Superior universitaria completa,229,108,2811.2,2468.4,3154.0,6.2,2623.9,0.539,2728.5,2410.8,3076.1,6.2
20,Maestría / doctorado,45,28,4091.2,3610.4,4571.9,6.0,4168.4,0.229,4165.8,3509.2,4909.1,8.6
20,Básica especial,1,1,604.7,,,,676.2,0.012,700.4,397.5,1147.4,27.5
21,Sin nivel,97,60,500.0,386.1,613.9,11.6,457.4,0.362,473.8,406.7,548.8,7.7
21,Educación inicial,5,5,307.3,140.7,474.0,27.7,276.4,0.045,282.2,195.7,394.1,18.0
21,Primaria incompleta,258,114,647.6,559.9,735.2,6.9,677.0,0.564,661.5,586.2,743.6,6.1
21,Primaria completa,261,134,664.1,579.7,748.5,6.5,789.7,0.566,717.3,635.9,806.1,6.1
21,Secundaria incompleta,185,102,871.0,722.8,1019.2,8.7,851.4,0.494,862.9,756.6,979.8,6.6
21,Secundaria completa,416,161,1007.4,900.9,1113.9,5.4,1035.8,0.659,1018.5,917.0,1128.0,5.3
21,Superior no universitaria incompleta,70,56,1173.9,914.4,1433.5,11.3,1019.2,0.301,1066.9,908.7,1244.6,8.0
21,Superior no universitaria completa,121,78,1374.0,1160.9,1587.0,7.9,1466.6,0.406,1432.0,1239.3,1646.1,7.3
21,Superior universitaria incompleta,60,49,1112.7,879.2,1346.2,10.7,1083.9,0.274,1095.4,929.5,1282.3,8.2
21,Superior universitaria completa,128,60,2257.7,1910.3,2605.2,7.9,2027.4,0.417,2126.0,1842.7,2440.2,7.2
21,Maestría / doctorado,35,22,3667.1,2238.0,5096.1,19.9,3220.8,0.194,3315.9,2773.3,3933.3,8.9
21,Básica especial,0,0,,,,,522.5,0.0,542.6,305.0,895.1,28.0
22,Sin nivel,62,50,728.6,510.7,946.5,15.3,695.9,0.28,707.2,600.5,827.4,8.2
22,Educación inicial,0,0,,,,,420.5,0.0,427.9,291.4,606.6,18.9
22,Primaria incompleta,330,143,1093.1,968.5,1217.7,5.8,1029.9,0.614,1069.9,956.2,1193.3,5.7
22,Primaria completa,407,158,1146.5,1009.7,1283.2,6.1,1201.3,0.655,1166.8,1049.9,1293.0,5.3
22,Secundaria incompleta,301,148,1265.1,1027.4,1502.7,9.6,1295.1,0.595,1279.3,1140.0,1430.8,5.8
22,Secundaria completa,544,187,1438.9,1286.9,1590.8,5.4,1575.7,0.708,1479.4,1343.8,1624.8,4.8
22,Superior no universitaria incompleta,99,76,1519.5,1259.8,1779.2,8.7,1550.4,0.366,1543.4,1327.7,1784.0,7.5
22,Superior no universitaria completa,229,122,2202.4,1835.6,2569.2,8.5,2231.0,0.539,2219.9,1960.5,2503.8,6.2
22,Superior universitaria incompleta,84,59,1785.7,1078.7,2492.7,20.2,1648.9,0.334,1698.5,1454.6,1971.5,7.8
22,Superior universitaria completa,144,74,3565.3,2912.0,4218.6,9.3,3084.1,0.441,3295.9,2868.7,3768.5,7.0
22,Maestría / doctorado,27,24,4412.5,3614.5,5210.6,9.2,4899.4,0.162,4837.0,4031.8,5755.4,9.1
22,Básica especial,0,0,,,,,794.8,0.0,825.3,464.2,1360.9,28.0
23,Sin nivel,18,18,950.3,544.8,1355.9,21.8,620.6,0.121,656.2,544.6,783.9,9.3
23,Educación inicial,2,2,280.9,254.1,307.6,4.9,375.0,0.021,379.0,260.3,533.7,18.5
23,Primaria incompleta,149,99,838.7,722.0,955.5,7.1,918.5,0.449,883.9,769.9,1010.0,6.9
23,Primaria completa,140,95,1210.2,872.0,1548.4,14.3,1071.4,0.436,1132.6,984.6,1296.4,7.0
23,Secundaria incompleta,167,108,1332.5,1145.5,1519.5,7.2,1155.0,0.472,1238.5,1082.6,1410.5,6.8
23,Secundaria completa,665,194,1335.1,1239.8,1430.4,3.6,1405.3,0.741,1354.3,1237.7,1478.9,4.5
23,Superior no universitaria incompleta,104,85,1295.8,1085.3,1506.2,8.3,1382.7,0.375,1353.2,1164.9,1563.1,7.5
23,Superior no universitaria completa,201,116,1970.2,1726.4,2214.0,6.3,1989.7,0.511,1983.9,1744.0,2247.3,6.5
23,Superior universitaria incompleta,106,77,1565.0,1264.6,1865.3,9.8,1470.6,0.379,1509.9,1300.4,1743.3,7.5
23,Superior universitaria completa,204,104,2427.1,1980.8,2873.4,9.4,2750.6,0.514,2584.5,2272.9,2926.6,6.5
23,Maestría / doctorado,70,47,3874.7,3122.7,4626.7,9.9,4369.6,0.301,4228.3,3592.2,4944.2,8.2
23,Básica especial,1,1,3547.6,,,,708.8,0.012,749.6,424.9,1228.7,27.6
24,Sin nivel,25,22,840.6,576.6,1104.6,16.0,622.7,0.153,654.8,544.7,780.6,9.2
24,Educación inicial,3,3,636.8,-9.7,1283.3,51.8,376.3,0.03,388.5,267.4,546.1,18.4
24,Primaria incompleta,151,84,1051.1,905.3,1196.8,7.1,921.6,0.451,980.3,853.2,1120.9,7.0
24,Primaria completa,146,86,1164.3,1044.7,1283.9,5.2,1075.1,0.444,1116.6,970.8,1278.0,7.0
24,Secundaria incompleta,159,95,1124.1,997.9,1250.3,5.7,1159.0,0.462,1145.4,998.6,1307.7,6.9
24,Secundaria completa,419,128,1264.6,1167.3,1361.8,3.9,1410.1,0.66,1314.1,1182.9,1455.8,5.3
24,Superior no universitaria incompleta,50,46,1458.0,1235.9,1680.1,7.8,1387.5,0.245,1409.5,1189.2,1658.6,8.5
24,Superior no universitaria completa,193,97,1814.2,1614.2,2014.1,5.6,1996.5,0.503,1906.8,1672.4,2164.6,6.6
24,Superior universitaria incompleta,59,45,1549.7,1223.0,1876.3,10.8,1475.6,0.272,1500.5,1270.7,1759.7,8.3
24,Superior universitaria completa,106,55,2696.8,2159.8,3233.9,10.2,2760.0,0.379,2743.6,2362.1,3168.8,7.5
24,Maestría / doctorado,14,12,2612.8,1268.0,3957.7,26.3,4384.5,0.1,4182.7,3444.7,5031.7,9.7
24,Básica especial,2,2,1316.5,1250.4,1382.5,2.6,711.3,0.021,747.0,425.9,1219.1,27.3
25,Sin nivel,36,31,522.5,364.7,680.3,15.4,598.6,0.197,585.0,490.7,692.2,8.8
25,Educación inicial,0,0,,,,,361.7,0.0,368.1,250.6,522.2,18.9
25,Primaria incompleta,212,108,865.8,703.1,1028.5,9.6,886.0,0.523,877.2,772.5,991.9,6.4
25,Primaria completa,235,118,1052.7,894.5,1210.8,7.7,1033.5,0.544,1045.9,924.2,1179.1,6.2
25,Secundaria incompleta,371,142,1125.7,991.3,1260.0,6.1,1114.1,0.637,1123.1,1007.4,1248.5,5.5
25,Secundaria completa,515,169,1367.8,1215.5,1520.0,5.7,1355.6,0.698,1365.7,1238.2,1502.7,4.9
25,Superior no universitaria incompleta,103,74,1222.2,1009.5,1435.0,8.9,1333.8,0.373,1294.6,1114.2,1495.8,7.5
25,Superior no universitaria completa,210,112,1814.4,1645.2,1983.6,4.8,1919.3,0.521,1867.8,1644.3,2113.0,6.4
25,Superior universitaria incompleta,79,59,1493.3,1187.6,1798.9,10.4,1418.5,0.323,1446.7,1236.1,1682.7,7.9
25,Superior universitaria completa,129,70,2824.0,2496.1,3151.9,5.9,2653.3,0.419,2730.4,2367.5,3133.0,7.2
25,Maestría / doctorado,17,13,5718.9,3655.7,7782.1,18.4,4215.0,0.116,4386.0,3628.8,5254.1,9.5
25,Básica especial,0,0,,,,,683.8,0.0,710.0,399.2,1171.3,28.0
