nivel_educativo,n_muestral,poblacion_expandida,ingreso_promedio,error_estandar,ic95_inf,ic95_sup,cv_pct,mediana,confiable
Sin nivel,203,50409,374.5,38.2,299.8,449.3,10.2,269.8,sí
Educación inicial,1,479,125.9,0.0,125.9,125.9,0.0,125.9,referencial
Primaria incompleta,453,130155,802.8,114.4,578.6,1027.1,14.3,553.8,sí
Primaria completa,444,145268,806.2,58.9,690.7,921.6,7.3,562.2,sí
Secundaria incompleta,190,73373,755.7,56.4,645.1,866.2,7.5,521.3,sí
Secundaria completa,398,172019,1135.8,72.0,994.7,1276.9,6.3,844.6,sí
Superior no universitaria incompleta,63,29774,1331.6,250.1,841.4,1821.7,18.8,911.5,referencial
Superior no universitaria completa,141,60753,2159.6,160.3,1845.3,2473.8,7.4,1977.5,sí
Superior universitaria incompleta,51,21368,1092.9,142.2,814.2,1371.6,13.0,892.4,sí
Superior universitaria completa,147,53752,2981.5,222.9,2544.7,3418.4,7.5,2563.3,sí
Maestría / doctorado,37,13045,5202.1,710.4,3809.8,6594.4,13.7,3869.9,sí
Total,2128,750394,1217.6,62.1,1096.0,1339.3,5.1,720.8,sí
